ilan_adi,ilan_linki,bilgisayar_muhendisi_basvurabilir
,https://kariyer.baykartech.com/tr/acik-pozisyonlar/detay/nesne-tabanli-yazilim-muhendisi,EVET
,https://kariyer.baykartech.com/tr/acik-pozisyonlar/detay/arka-uc-yazilim-uzmani,HAYIR
,https://kariyer.baykartech.com/tr/acik-pozisyonlar/detay/agirlik-ve-denge-muhendisi,HAYIR
,https://kariyer.baykartech.com/tr/acik-pozisyonlar/detay/elektro-optik-sistemler-ar-ge-ve-uretim-teknikeri,HAYIR
,https://kariyer.baykartech.com/tr/acik-pozisyonlar/detay/devops-sistem-guvenilirligi-muhendisi-sre,EVET
,https://kariyer.baykartech.com/tr/acik-pozisyonlar/detay/2026-yaz-donemi-proje-muhendisi,EVET
,https://kariyer.baykartech.com/tr/acik-pozisyonlar/detay/2026-yaz-donemi-ag-ve-haberlesme-sistemleri,EVET
,https://kariyer.baykartech.com/tr/acik-pozisyonlar/detay/2026-yaz-donemi-devops,HAYIR
,https://kariyer.baykartech.com/tr/acik-pozisyonlar/detay/2026-yaz-donemi-kullanici-teknik-destek,EVET
,https://kariyer.baykartech.com/tr/acik-pozisyonlar/detay/2026-yaz-donemi-siber-guvenlik-bilgi-guvenligi,HAYIR
,https://kariyer.baykartech.com/tr/acik-pozisyonlar/detay/2026-yaz-donemi-insan-kaynaklari,HAYIR
,https://kariyer.baykartech.com/tr/acik-pozisyonlar/detay/2026-yaz-donemi-elektro-optik-sistemler-bakim-ve-2,HAYIR
,https://kariyer.baykartech.com/tr/acik-pozisyonlar/detay/2026-yaz-donemi-elektro-optik-sistemler-bakim-ve-e,HAYIR
,https://kariyer.baykartech.com/tr/acik-pozisyonlar/detay/2026-yaz-donemi-kalite-yonetim-sistem-muhendisi,HAYIR
,https://kariyer.baykartech.com/tr/acik-pozisyonlar/detay/2026-yaz-donemi-kalite-kontrol-teknikeri-teknisyen,HAYIR
,https://kariyer.baykartech.com/tr/acik-pozisyonlar/detay/2026-yaz-donemi-motor-teknolojileri-proje,HAYIR
,https://kariyer.baykartech.com/tr/acik-pozisyonlar/detay/2026-yaz-donemi-motor-teknolojileri-plm,EVET
,https://kariyer.baykartech.com/tr/acik-pozisyonlar/detay/2026-yaz-donemi-motor-teknolojileri-yer-sistemleri,HAYIR
,https://kariyer.baykartech.com/tr/acik-pozisyonlar/detay/2026-yaz-donemi-motor-teknolojileri-test-validasyo,HAYIR
,https://kariyer.baykartech.com/tr/acik-pozisyonlar/detay/2026-yaz-donemi-motor-teknolojileri-malzeme-ve-oze,HAYIR
,https://kariyer.baykartech.com/tr/acik-pozisyonlar/detay/2026-yaz-donemi-motor-teknolojileri-motor-sistem-2,HAYIR
,https://kariyer.baykartech.com/tr/acik-pozisyonlar/detay/2026-yaz-donemi-motor-teknolojileri-motor-sistemle,HAYIR
,https://kariyer.baykartech.com/tr/acik-pozisyonlar/detay/2026-yaz-donemi-motor-teknolojileri-tasarim,HAYIR
,https://kariyer.baykartech.com/tr/acik-pozisyonlar/detay/2026-yaz-donemi-motor-teknolojileri-analiz,HAYIR
,https://kariyer.baykartech.com/tr/acik-pozisyonlar/detay/2026-yaz-donemi-motor-teknolojileri-kontrolkalibra,EVET
,https://kariyer.baykartech.com/tr/acik-pozisyonlar/detay/2026-yaz-donemi-itki-ve-akiskan-sistemler,HAYIR
,https://kariyer.baykartech.com/tr/acik-pozisyonlar/detay/2026-yaz-donemi-yapisal-imalat-tasarim-lisansiyer,HAYIR
,https://kariyer.baykartech.com/tr/acik-pozisyonlar/detay/2026-yaz-donemi-yapisal-imalat-tasarim-muhendis,HAYIR
,https://kariyer.baykartech.com/tr/acik-pozisyonlar/detay/2026-yaz-donemi-yapisal-teknolojiler,HAYIR
,https://kariyer.baykartech.com/tr/acik-pozisyonlar/detay/2026-yaz-donemi-elektro-optik-sistemler-yonetimi-p,HAYIR
,https://kariyer.baykartech.com/tr/acik-pozisyonlar/detay/2026-yaz-donemi-elektro-optik-sistemler-yonetimi-a,HAYIR
,https://kariyer.baykartech.com/tr/acik-pozisyonlar/detay/2026-yaz-donemi-yapisal-imalat-ar-ge-teknisyen-tek,HAYIR
,https://kariyer.baykartech.com/tr/acik-pozisyonlar/detay/2026-yaz-donemi-yapisal-imalat-ar-ge-muhendis,HAYIR
,https://kariyer.baykartech.com/tr/acik-pozisyonlar/detay/2026-yaz-donemi-yapisal-imalat-muhendis,HAYIR
,https://kariyer.baykartech.com/tr/acik-pozisyonlar/detay/2026-yaz-donemi-yapisal-imalat-teknisyen-tekniker-,HAYIR
,https://kariyer.baykartech.com/tr/acik-pozisyonlar/detay/2026-yaz-donemi-elektro-optik-sistemler-yonetimi-s,HAYIR
,https://kariyer.baykartech.com/tr/acik-pozisyonlar/detay/2026-yaz-donemi-entegre-lojistik-destek-teknisyen-,HAYIR
,https://kariyer.baykartech.com/tr/acik-pozisyonlar/detay/2026-yaz-donemi-gomulu-yazilim-test-ve-otomasyon,HAYIR
,https://kariyer.baykartech.com/tr/acik-pozisyonlar/detay/2026-yaz-donemi-gomulu-yazilim,HAYIR
,https://kariyer.baykartech.com/tr/acik-pozisyonlar/detay/2026-yaz-donemi-ucus-bilimleri,HAYIR
,https://kariyer.baykartech.com/tr/acik-pozisyonlar/detay/2026-yaz-donemi-gomulu-yazilim-proje-muhendisi,EVET
,https://kariyer.baykartech.com/tr/acik-pozisyonlar/detay/2026-yaz-donemi-simulasyon-sistemleri-yazilim-ve-m,HAYIR
,https://kariyer.baykartech.com/tr/acik-pozisyonlar/detay/2026-yaz-donemi-sayisal-tasarim,HAYIR
,https://kariyer.baykartech.com/tr/acik-pozisyonlar/detay/2026-yaz-donemi-entegre-lojistik-destek-muhendis,HAYIR
,https://kariyer.baykartech.com/tr/acik-pozisyonlar/detay/2026-yaz-donemi-silah-sistemleri-analiz-ve-simulas,HAYIR
,https://kariyer.baykartech.com/tr/acik-pozisyonlar/detay/2026-yaz-donemi-is-sagligi-ve-guvenligi-takimi,HAYIR
,https://kariyer.baykartech.com/tr/acik-pozisyonlar/detay/2026-yaz-donemi-spor-egitmeni,HAYIR
,https://kariyer.baykartech.com/tr/acik-pozisyonlar/detay/2026-yaz-donemi-silah-sistemleri-tasarim-test-malz,HAYIR
,https://kariyer.baykartech.com/tr/acik-pozisyonlar/detay/2026-yaz-donemi-sozlesme-yonetimi,HAYIR
,https://kariyer.baykartech.com/tr/acik-pozisyonlar/detay/2026-yaz-donemi-nesne-tabanli-yazilim-proje-muhend,EVET
,https://kariyer.baykartech.com/tr/acik-pozisyonlar/detay/2026-yaz-donemi-uiux-tasarim,HAYIR
,https://kariyer.baykartech.com/tr/acik-pozisyonlar/detay/2026-yaz-donemi-yazilim-test-ve-otomasyon-muhendis,EVET
,https://kariyer.baykartech.com/tr/acik-pozisyonlar/detay/2026-yaz-donemi-nesne-tabanli-yazilim,HAYIR
,https://kariyer.baykartech.com/tr/acik-pozisyonlar/detay/2026-yaz-donemi-goruntuleme-sistemleri-yazilim-muh,EVET
,https://kariyer.baykartech.com/tr/acik-pozisyonlar/detay/2026-yaz-donemi-bilisim-sistemleri-muhendisi,HAYIR
,https://kariyer.baykartech.com/tr/acik-pozisyonlar/detay/2026-yaz-donemi-yapay-zeka-mimari-yazilim-gelistir,HAYIR
,https://kariyer.baykartech.com/tr/acik-pozisyonlar/detay/2026-yaz-donemi-yapay-zeka-yazilim-gelistirme,HAYIR
,https://kariyer.baykartech.com/tr/acik-pozisyonlar/detay/2026-yaz-donemi-konfigurasyon-yonetimi,HAYIR
,https://kariyer.baykartech.com/tr/acik-pozisyonlar/detay/2026-yaz-donemi-uretim-yonetimi,HAYIR
,https://kariyer.baykartech.com/tr/acik-pozisyonlar/detay/2026-yaz-donemi-itfaiye-takimi,HAYIR
,https://kariyer.baykartech.com/tr/acik-pozisyonlar/detay/2026-yaz-donemi-rf-mikrodalga-sistemleri-gelistirm,HAYIR
,https://kariyer.baykartech.com/tr/acik-pozisyonlar/detay/2026-yaz-donemi-elektrik-motor-surucu-ve-guc-siste,HAYIR
,https://kariyer.baykartech.com/tr/acik-pozisyonlar/detay/2026-yaz-donemi-hafif-platformlar-prototip-entegra,HAYIR
,https://kariyer.baykartech.com/tr/acik-pozisyonlar/detay/2026-yaz-donemi-hafif-platformlar-yapisal-analiz,HAYIR
,https://kariyer.baykartech.com/tr/acik-pozisyonlar/detay/2026-yaz-donemi-hafif-platformlar-aerodinamik-ve-u,HAYIR
,https://kariyer.baykartech.com/tr/acik-pozisyonlar/detay/2026-yaz-donemi-hafif-platformlar-yazilim-test-ve-,HAYIR
,https://kariyer.baykartech.com/tr/acik-pozisyonlar/detay/2026-yaz-donemi-hafif-platformlar-aviyonik-yazilim,EVET
,https://kariyer.baykartech.com/tr/acik-pozisyonlar/detay/2026-yaz-donemi-hafif-platformlar-gomulu-yazilim,HAYIR
,https://kariyer.baykartech.com/tr/acik-pozisyonlar/detay/2026-yaz-donemi-hafif-platformlar-yapay-zeka-ve-fa,HAYIR
,https://kariyer.baykartech.com/tr/acik-pozisyonlar/detay/2026-yaz-donemi-hafif-platformlar-otopilot-ve-akil,HAYIR
,https://kariyer.baykartech.com/tr/acik-pozisyonlar/detay/2026-yaz-donemi-hafif-platformlar-kontrol-kestirim,HAYIR
,https://kariyer.baykartech.com/tr/acik-pozisyonlar/detay/2026-yaz-donemi-hafif-platformlar-proje-yonetimi,HAYIR
,https://kariyer.baykartech.com/tr/acik-pozisyonlar/detay/2026-yaz-donemi-hafif-platformlar-elektronik-siste,HAYIR
,https://kariyer.baykartech.com/tr/acik-pozisyonlar/detay/2026-yaz-donemi-hafif-platformlar-tasarim,HAYIR
,https://kariyer.baykartech.com/tr/acik-pozisyonlar/detay/2026-yaz-donemi-elektro-optik-sistemler-mekanik-ek,HAYIR
,https://kariyer.baykartech.com/tr/acik-pozisyonlar/detay/2026-yaz-donemi-elektro-optik-sistemler-yazilim-ek,EVET
,https://kariyer.baykartech.com/tr/acik-pozisyonlar/detay/2026-yaz-donemi-elektro-optik-sistemler-optik-ekib,HAYIR
,https://kariyer.baykartech.com/tr/acik-pozisyonlar/detay/2026-yaz-donemi-elektro-optik-sistemler-donanim-ek,HAYIR
,https://kariyer.baykartech.com/tr/acik-pozisyonlar/detay/2026-yaz-donemi-servo-sistemleri-kontrol-ve-yazili,EVET
,https://kariyer.baykartech.com/tr/acik-pozisyonlar/detay/2026-yaz-donemi-aviyonik-sistemleri-gelistirme,HAYIR
,https://kariyer.baykartech.com/tr/acik-pozisyonlar/detay/2026-yaz-donemi-satin-alma-ve-tedarik-yonetimi,HAYIR
,https://kariyer.baykartech.com/tr/acik-pozisyonlar/detay/2026-yaz-donemi-merkezi-kontrol-yazilimlari,HAYIR
,https://kariyer.baykartech.com/tr/acik-pozisyonlar/detay/2026-yaz-donemi-web-yazilim-teknolojileri,HAYIR
,https://kariyer.baykartech.com/tr/acik-pozisyonlar/detay/2026-yaz-donemi-elektronik-sistemler-proje-yonetim,HAYIR
,https://kariyer.baykartech.com/tr/acik-pozisyonlar/detay/2026-yaz-donemi-erp-muhendisi,HAYIR
,https://kariyer.baykartech.com/tr/acik-pozisyonlar/detay/2026-yaz-donemi-okul-oncesi-ogretmeni,HAYIR
,https://kariyer.baykartech.com/tr/acik-pozisyonlar/detay/2026-yaz-donemi-kontrol-gudum-ve-seyrusefer-teknol,HAYIR
,https://kariyer.baykartech.com/tr/acik-pozisyonlar/detay/2026-yaz-donemi-elektriksel-guc-sistemleri-gelisti,HAYIR
,https://kariyer.baykartech.com/tr/acik-pozisyonlar/detay/2026-yaz-donemi-dikey-kalkis-ve-inisli-iha-sisteml,HAYIR
,https://kariyer.baykartech.com/tr/acik-pozisyonlar/detay/2026-yaz-donemi-sistem-muhendisligi,HAYIR
,https://kariyer.baykartech.com/tr/acik-pozisyonlar/detay/2026-yaz-donemi-proje-muhendisligi,HAYIR
,https://kariyer.baykartech.com/tr/acik-pozisyonlar/detay/2026-yaz-donemi-muhendislik-degisiklik-yonetimi,HAYIR
,https://kariyer.baykartech.com/tr/acik-pozisyonlar/detay/2026-yaz-donemi-emniyet-ve-guvenilirlik-muhendisli,HAYIR
,https://kariyer.baykartech.com/tr/acik-pozisyonlar/detay/2026-yaz-donemi-gorsel-iletisim-ve-tasarim,HAYIR
,https://kariyer.baykartech.com/tr/acik-pozisyonlar/detay/2026-yaz-donemi-teknik-dokumantasyon,HAYIR
,https://kariyer.baykartech.com/tr/acik-pozisyonlar/detay/2026-yaz-donemi-uretim-tasarimi-ve-baski-teknoloji,HAYIR
,https://kariyer.baykartech.com/tr/acik-pozisyonlar/detay/2026-yaz-donemi-mekanik-teknolojiler,HAYIR
,https://kariyer.baykartech.com/tr/acik-pozisyonlar/detay/2026-yaz-donemi-kurumsal-idari-satin-alma,HAYIR
,https://kariyer.baykartech.com/tr/acik-pozisyonlar/detay/2026-yaz-donemi-kurumsal-iletisim-kurum-ici-iletis,HAYIR
,https://kariyer.baykartech.com/tr/acik-pozisyonlar/detay/2026-yaz-donemi-kurumsal-iletisim-organizasyon,HAYIR
,https://kariyer.baykartech.com/tr/acik-pozisyonlar/detay/2026-yaz-donemi-medya-iliskileri,HAYIR
,https://kariyer.baykartech.com/tr/acik-pozisyonlar/detay/2026-yaz-donemi-kablolama-ve-yer-sistemleri-muhend,HAYIR
,https://kariyer.baykartech.com/tr/acik-pozisyonlar/detay/2026-yaz-donemi-kablolama-ve-yer-sistemleri-teknis,HAYIR
,https://kariyer.baykartech.com/tr/acik-pozisyonlar/detay/2026-yaz-donemi-aviyonik-uretim-ve-test-teknisyen-,HAYIR
,https://kariyer.baykartech.com/tr/acik-pozisyonlar/detay/2026-yaz-donemi-aviyonik-uretim-ve-test-muhendis,HAYIR
,https://kariyer.baykartech.com/tr/acik-pozisyonlar/detay/2026-yaz-donemi-entegrasyon-muhendis,HAYIR
,https://kariyer.baykartech.com/tr/acik-pozisyonlar/detay/2026-yaz-donemi-mekanik-imalat-teknisyen-tekniker,HAYIR
,https://kariyer.baykartech.com/tr/acik-pozisyonlar/detay/2026-yaz-donemi-entegrasyon-gelistirme-muhendis,HAYIR
,https://kariyer.baykartech.com/tr/acik-pozisyonlar/detay/2026-yaz-donemi-entegrasyon-teknisyenteknikerlisan,HAYIR
,https://kariyer.baykartech.com/tr/acik-pozisyonlar/detay/2026-yaz-donemi-finansal-kontrol-ve-raporlama,HAYIR
,https://kariyer.baykartech.com/tr/acik-pozisyonlar/detay/2026-yaz-donemi-muhasebe,HAYIR
,https://kariyer.baykartech.com/tr/acik-pozisyonlar/detay/2026-yaz-donemi-saha-koordinasyon-mekanik-motor-te,HAYIR
,https://kariyer.baykartech.com/tr/acik-pozisyonlar/detay/2026-yaz-donemi-saha-koordinasyon-elektronik-tekni,HAYIR
,https://kariyer.baykartech.com/tr/acik-pozisyonlar/detay/2026-yaz-donemi-saha-koordinasyon-yapisal-bakim-on,HAYIR
,https://kariyer.baykartech.com/tr/acik-pozisyonlar/detay/2026-yaz-donemi-saha-koordinasyon-egitim-ve-idari-,HAYIR
,https://kariyer.baykartech.com/tr/acik-pozisyonlar/detay/2026-yaz-donemi-saha-koordinasyon-muhendis,HAYIR
